Genbank ID,Gene name,Gene category,Sub-category1,Sub-category2,Organism,Lineage,#D43G21,D43G18,D43G16,D43G14,D43G13,D43G12,#D40G6,D40G4,D40G2,D40G31,D40G30,D40G29
145518598,nhaP,Metal Homeostasis,Sodium,Transport,Paramecium tetraurelia strain d4-2,superkingdom:Eukaryota;class:Oligohymenophorea;order:Peniculida;family:Parameciidae;genus:Paramecium;species:Paramecium tetraurelia;,3045,,676,,313,1174,p,,,p,,
323452335,mer,Metal Homeostasis,Mercury,Detoxification,Aureococcus anophagefferens,superkingdom:Eukaryota;class:Pelagophyceae;genus:Aureococcus;,403,860,423,365,283,2169,484,765,5587,6883,3266,1331
323450297,nhaP,Metal Homeostasis,Sodium,Transport,Aureococcus anophagefferens,superkingdom:Eukaryota;class:Pelagophyceae;genus:Aureococcus;,3817,*,8420,318,666,3498,2962,2433,409,2335,1078,
323450805,nhaP,Metal Homeostasis,Sodium,Transport,Aureococcus anophagefferens,superkingdom:Eukaryota;class:Pelagophyceae;genus:Aureococcus;,,,545,983,210,925,p,,,p,,
339477486,silP,Metal Homeostasis,Silver,Transport,Mycosphaerella graminicola IPO323,superkingdom:Eukaryota;kingdom:Fungi;phylum:Ascomycota;class:Dothideomycetes;order:Capnodiales;family:Mycosphaerellaceae;genus:Zymoseptoria;species:Zymoseptoria tritici;,525,,949,589,*,3988,421,,,558,8637,930
169598664,sidA,Metal Homeostasis,iron,transport,Phaeosphaeria nodorum SN15,superkingdom:Eukaryota;kingdom:Fungi;phylum:Ascomycota;class:Dothideomycetes;order:Pleosporales;family:Phaeosphaeriaceae;genus:Parastagonospora;species:Parastagonospora nodorum;,,458,,493,304,781,p,p,,p,,
160703192,silP,Metal Homeostasis,Silver,Transport,Phaeosphaeria nodorum SN15,superkingdom:Eukaryota;kingdom:Fungi;phylum:Ascomycota;class:Dothideomycetes;order:Pleosporales;family:Phaeosphaeriaceae;genus:Parastagonospora;species:Parastagonospora nodorum;,782,286,646,450,18303,541,,,284,524,2389,4091
169606906,arsA_fungi,Metal Homeostasis,Arsenic,Transport,Phaeosphaeria nodorum SN15,superkingdom:Eukaryota;kingdom:Fungi;phylum:Ascomycota;class:Dothideomycetes;order:Pleosporales;family:Phaeosphaeriaceae;genus:Phaeosphaeria;species:Phaeosphaeria nodorum;,115691,499,,810,320,3225,366,,616,778,3799,1506
160701294,ChrA,Metal Homeostasis,Chromium,Transport,Phaeosphaeria nodorum SN15,superkingdom:Eukaryota;kingdom:Fungi;phylum:Ascomycota;class:Dothideomycetes;order:Pleosporales;family:Phaeosphaeriaceae;genus:Phaeosphaeria;species:Phaeosphaeria nodorum;,501,,685,525,*,980,325,796,2240,675,1077,1265
111061802,czcD,Metal Homeostasis,"Cadmium,Cobalt,Zinc",Transport,Phaeosphaeria nodorum SN15,superkingdom:Eukaryota;kingdom:Fungi;phylum:Ascomycota;class:Dothideomycetes;order:Pleosporales;family:Phaeosphaeriaceae;genus:Phaeosphaeria;species:Phaeosphaeria nodorum;,742,217,793,5313,332,2389,467,750,448,678,20880,5918
311318039,silP,Metal Homeostasis,Silver,Transport,Pyrenophora teres f. teres 0-1,superkingdom:Eukaryota;kingdom:Fungi;phylum:Ascomycota;class:Dothideomycetes;order:Pleosporales;family:Pleosporaceae;genus:Pyrenophora;species:Pyrenophora teres;,395,,530,473,248,615,442,946,,994,1510,867
311322438,trk_fungi,Metal Homeostasis,Potassium,Transport,Pyrenophora teres f. teres 0-1,superkingdom:Eukaryota;kingdom:Fungi;phylum:Ascomycota;class:Dothideomycetes;order:Pleosporales;family:Pleosporaceae;genus:Pyrenophora;species:Pyrenophora teres;,870,*,472,333,*,695,,,380,649,1053,2362
187984734,ChrA,Metal Homeostasis,Chromium,Transport,Pyrenophora tritici-repentis Pt-1C-BFP,superkingdom:Eukaryota;kingdom:Fungi;phylum:Ascomycota;class:Dothideomycetes;order:Pleosporales;family:Pleosporaceae;genus:Pyrenophora;species:Pyrenophora tritici-repentis;,67080,39070,2445,2826,6850,11813,1314,2481,8152,5302,11989,24031
189191118,copA,Metal Homeostasis,Copper,Transport,Pyrenophora tritici-repentis Pt-1C-BFP,superkingdom:Eukaryota;kingdom:Fungi;phylum:Ascomycota;class:Dothideomycetes;order:Pleosporales;family:Pleosporaceae;genus:Pyrenophora;species:Pyrenophora tritici-repentis;,p,*p,,,,,7290,3541,761,2195,,
189192753,nhaP,Metal Homeostasis,Sodium,Transport,Pyrenophora tritici-repentis Pt-1C-BFP,superkingdom:Eukaryota;kingdom:Fungi;phylum:Ascomycota;class:Dothideomycetes;order:Pleosporales;family:Pleosporaceae;genus:Pyrenophora;species:Pyrenophora tritici-repentis;,824,369,1383,752,477,1202,452,1124,1010,431,1384,835
189207941,siderophore_transporter,Metal Homeostasis,iron,transport,Pyrenophora tritici-repentis Pt-1C-BFP,superkingdom:Eukaryota;kingdom:Fungi;phylum:Ascomycota;class:Dothideomycetes;order:Pleosporales;family:Pleosporaceae;genus:Pyrenophora;species:Pyrenophora tritici-repentis;,1085,201,1586,1136,6060,709,p,p,,p,,
187977113,trk_fungi,Metal Homeostasis,Potassium,Transport,Pyrenophora tritici-repentis Pt-1C-BFP,superkingdom:Eukaryota;kingdom:Fungi;phylum:Ascomycota;class:Dothideomycetes;order:Pleosporales;family:Pleosporaceae;genus:Pyrenophora;species:Pyrenophora tritici-repentis;,1167,369,781,2080,372,2098,408,766,565,3838,4315,3101
134080742,mer,Metal Homeostasis,Mercury,Detoxification,Aspergillus niger,superkingdom:Eukaryota;kingdom:Fungi;phylum:Ascomycota;class:Eurotiomycetes;order:Eurotiales;family:Trichocomaceae;genus:Aspergillus;,p,,p,,*p,p,4693,,,2552,3707,1104
76057126,zrt1,Metal Homeostasis,Zinc,Transport,Aspergillus niger,superkingdom:Eukaryota;kingdom:Fungi;phylum:Ascomycota;class:Eurotiomycetes;order:Eurotiales;family:Trichocomaceae;genus:Aspergillus;,p,,p,,*p,p,452,712,,603,,2602
121712202,ferroxidase_high_affinity,Metal Homeostasis,iron,Transport,Aspergillus clavatus NRRL 1,superkingdom:Eukaryota;kingdom:Fungi;phylum:Ascomycota;class:Eurotiomycetes;order:Eurotiales;family:Trichocomaceae;genus:Aspergillus;species:Aspergillus clavatus;,1319,274,1477,1326,955,,822,,555,570,4593,
119404154,nhaP,Metal Homeostasis,Sodium,Transport,Aspergillus clavatus NRRL 1,superkingdom:Eukaryota;kingdom:Fungi;phylum:Ascomycota;class:Eurotiomycetes;order:Eurotiales;family:Trichocomaceae;genus:Aspergillus;species:Aspergillus clavatus;,779,,836,367,282,,*p,,p,,,p
121698399,NiCoT,Metal Homeostasis,Nickel,Transport,Aspergillus clavatus NRRL 1,superkingdom:Eukaryota;kingdom:Fungi;phylum:Ascomycota;class:Eurotiomycetes;order:Eurotiales;family:Trichocomaceae;genus:Aspergillus;species:Aspergillus clavatus;,2307,606,,764,367,,p,p,,,,
121711655,siderophore_transporter,Metal Homeostasis,iron,transport,Aspergillus clavatus NRRL 1,superkingdom:Eukaryota;kingdom:Fungi;phylum:Ascomycota;class:Eurotiomycetes;order:Eurotiales;family:Trichocomaceae;genus:Aspergillus;species:Aspergillus clavatus;,4476,,527,368,367,614,,1056,2035,707,,665
121720184,siderophore_transporter,Metal Homeostasis,iron,transport,Aspergillus clavatus NRRL 1,superkingdom:Eukaryota;kingdom:Fungi;phylum:Ascomycota;class:Eurotiomycetes;order:Eurotiales;family:Trichocomaceae;genus:Aspergillus;species:Aspergillus clavatus;,,*p,p,p,,p,238,,,1902,3622,1019
119404509,trk_fungi,Metal Homeostasis,Potassium,Transport,Aspergillus clavatus NRRL 1,superkingdom:Eukaryota;kingdom:Fungi;phylum:Ascomycota;class:Eurotiomycetes;order:Eurotiales;family:Trichocomaceae;genus:Aspergillus;species:Aspergillus clavatus;,1739,,1545,695,647,1536,1064,1764,,2652,2327,1506
121700757,trk_fungi,Metal Homeostasis,Potassium,Transport,Aspergillus clavatus NRRL 1,superkingdom:Eukaryota;kingdom:Fungi;phylum:Ascomycota;class:Eurotiomycetes;order:Eurotiales;family:Trichocomaceae;genus:Aspergillus;species:Aspergillus clavatus;,1037,291,1210,1350,373,3010,348,1223,,1197,2166,2901
121714993,trk_fungi,Metal Homeostasis,Potassium,Transport,Aspergillus clavatus NRRL 1,superkingdom:Eukaryota;kingdom:Fungi;phylum:Ascomycota;class:Eurotiomycetes;order:Eurotiales;family:Trichocomaceae;genus:Aspergillus;species:Aspergillus clavatus;,5969,2443,5004,4220,3001,14011,1967,6855,768,7103,2127,3377
121708363,vacuolar_iron_transport,Metal Homeostasis,iron,Transport,Aspergillus clavatus NRRL 1,superkingdom:Eukaryota;kingdom:Fungi;phylum:Ascomycota;class:Eurotiomycetes;order:Eurotiales;family:Trichocomaceae;genus:Aspergillus;species:Aspergillus clavatus;,1229,3816,476,,1362,4937,p,,,p,,
238498702,siderophore_transporter,Metal Homeostasis,iron,transport,Aspergillus flavus NRRL3357,superkingdom:Eukaryota;kingdom:Fungi;phylum:Ascomycota;class:Eurotiomycetes;order:Eurotiales;family:Trichocomaceae;genus:Aspergillus;species:Aspergillus flavus;,,,p,p,*p,p,220,,406,711,1336,1161
66852736,Ca_vacuolar_exchanger,Metal Homeostasis,Calcium,Transport,Aspergillus fumigatus Af293,superkingdom:Eukaryota;kingdom:Fungi;phylum:Ascomycota;class:Eurotiomycetes;order:Eurotiales;family:Trichocomaceae;genus:Aspergillus;species:Aspergillus fumigatus;,851,,1180,3855,448,4803,525,,,678,7887,6185
66852780,corA,Metal Homeostasis,Cobalt/Magnesium,Transport,Aspergillus fumigatus Af293,superkingdom:Eukaryota;kingdom:Fungi;phylum:Ascomycota;class:Eurotiomycetes;order:Eurotiales;family:Trichocomaceae;genus:Aspergillus;species:Aspergillus fumigatus;,1315,6549,1322,388,610,1360,3181,10977,3891,1518,1239,982
70999071,siderophore_transporter,Metal Homeostasis,iron,transport,Aspergillus fumigatus Af293,superkingdom:Eukaryota;kingdom:Fungi;phylum:Ascomycota;class:Eurotiomycetes;order:Eurotiales;family:Trichocomaceae;genus:Aspergillus;species:Aspergillus fumigatus;,p,,,,p,,319,879,,485,1576,
66845741,trk_fungi,Metal Homeostasis,Potassium,Transport,Aspergillus fumigatus Af293,superkingdom:Eukaryota;kingdom:Fungi;phylum:Ascomycota;class:Eurotiomycetes;order:Eurotiales;family:Trichocomaceae;genus:Aspergillus;species:Aspergillus fumigatus;,p,*p,p,,,,526,628,466,458,,
358371167,mer,Metal Homeostasis,Mercury,Detoxification,Aspergillus kawachii IFO 4308,superkingdom:Eukaryota;kingdom:Fungi;phylum:Ascomycota;class:Eurotiomycetes;order:Eurotiales;family:Trichocomaceae;genus:Aspergillus;species:Aspergillus kawachii;,547,373,,418,,650,,,304,517,1158,1225
358368038,silP,Metal Homeostasis,Silver,Transport,Aspergillus kawachii IFO 4308,superkingdom:Eukaryota;kingdom:Fungi;phylum:Ascomycota;class:Eurotiomycetes;order:Eurotiales;family:Trichocomaceae;genus:Aspergillus;species:Aspergillus kawachii;,p,,p,p,*p,,512,1685,354,3691,,
358375215,zrt1,Metal Homeostasis,Zinc,Transport,Aspergillus kawachii IFO 4308,superkingdom:Eukaryota;kingdom:Fungi;phylum:Ascomycota;class:Eurotiomycetes;order:Eurotiales;family:Trichocomaceae;genus:Aspergillus;species:Aspergillus kawachii;,869,236,,338,,3355,,p,,,,
317157316,NiCoT,Metal Homeostasis,Nickel,Transport,Aspergillus oryzae RIB40,superkingdom:Eukaryota;kingdom:Fungi;phylum:Ascomycota;class:Eurotiomycetes;order:Eurotiales;family:Trichocomaceae;genus:Aspergillus;species:Aspergillus oryzae;,p,*p,,,,p,212,,750,503,,880
114193417,arsA_fungi,Metal Homeostasis,Arsenic,Transport,Aspergillus terreus NIH2624,superkingdom:Eukaryota;kingdom:Fungi;phylum:Ascomycota;class:Eurotiomycetes;order:Eurotiales;family:Trichocomaceae;genus:Aspergillus;species:Aspergillus terreus;,348,491,,538,951,601,495,,,432,6295,1099
115449903,ChrA,Metal Homeostasis,Chromium,Transport,Aspergillus terreus NIH2624,superkingdom:Eukaryota;kingdom:Fungi;phylum:Ascomycota;class:Eurotiomycetes;order:Eurotiales;family:Trichocomaceae;genus:Aspergillus;species:Aspergillus terreus;,1228,1035,,369,677,547,1651,887,,1817,2557,
114187675,ChrA,Metal Homeostasis,Chromium,Transport,Aspergillus terreus NIH2624,superkingdom:Eukaryota;kingdom:Fungi;phylum:Ascomycota;class:Eurotiomycetes;order:Eurotiales;family:Trichocomaceae;genus:Aspergillus;species:Aspergillus terreus;,544,,688,,275,6764,543,1058,,480,,721
114194225,copA,Metal Homeostasis,Copper,Transport,Aspergillus terreus NIH2624,superkingdom:Eukaryota;kingdom:Fungi;phylum:Ascomycota;class:Eurotiomycetes;order:Eurotiales;family:Trichocomaceae;genus:Aspergillus;species:Aspergillus terreus;,2422,,485,350,*,711,520,1043,,718,,17904
114187778,nhaP,Metal Homeostasis,Sodium,Transport,Aspergillus terreus NIH2624,superkingdom:Eukaryota;kingdom:Fungi;phylum:Ascomycota;class:Eurotiomycetes;order:Eurotiales;family:Trichocomaceae;genus:Aspergillus;species:Aspergillus terreus;,1323,223,1045,1032,253,874,,817,1260,2499,1583,3443
115443076,NiCoT,Metal Homeostasis,Nickel,Transport,Aspergillus terreus NIH2624,superkingdom:Eukaryota;kingdom:Fungi;phylum:Ascomycota;class:Eurotiomycetes;order:Eurotiales;family:Trichocomaceae;genus:Aspergillus;species:Aspergillus terreus;,13982,,830,323,930,588,201,958,,626,,681
115386048,sidA,Metal Homeostasis,iron,transport,Aspergillus terreus NIH2624,superkingdom:Eukaryota;kingdom:Fungi;phylum:Ascomycota;class:Eurotiomycetes;order:Eurotiales;family:Trichocomaceae;genus:Aspergillus;species:Aspergillus terreus;,p,,,p,,p,3552,,1246,1234,1531,
114191173,siderophore_transporter,Metal Homeostasis,iron,transport,Aspergillus terreus NIH2624,superkingdom:Eukaryota;kingdom:Fungi;phylum:Ascomycota;class:Eurotiomycetes;order:Eurotiales;family:Trichocomaceae;genus:Aspergillus;species:Aspergillus terreus;,7127,7610,1950,14590,582,3207,4533,8713,1278,9873,2561,2826
115389622,vacuolar_iron_transport,Metal Homeostasis,iron,Transport,Aspergillus terreus NIH2624,superkingdom:Eukaryota;kingdom:Fungi;phylum:Ascomycota;class:Eurotiomycetes;order:Eurotiales;family:Trichocomaceae;genus:Aspergillus;species:Aspergillus terreus;,1177,286,955,567,348,2918,2111,189579,1354,276406,2067,19180
115396902,zrt1,Metal Homeostasis,Zinc,Transport,Aspergillus terreus NIH2624,superkingdom:Eukaryota;kingdom:Fungi;phylum:Ascomycota;class:Eurotiomycetes;order:Eurotiales;family:Trichocomaceae;genus:Aspergillus;species:Aspergillus terreus;,4232,2385,2276,2806,1202,2093,2437,2200,661,2507,3454,16003
115442626,zrt2,Metal Homeostasis,Zinc,Transport,Aspergillus terreus NIH2624,superkingdom:Eukaryota;kingdom:Fungi;phylum:Ascomycota;class:Eurotiomycetes;order:Eurotiales;family:Trichocomaceae;genus:Aspergillus;species:Aspergillus terreus;,1492,212,590,,567,420,1073,1187,1025,1502,1296,1078
259489280,Ca_vacuolar_exchanger,Metal Homeostasis,Calcium,Transport,Aspergillus nidulans FGSC A4,superkingdom:Eukaryota;kingdom:Fungi;phylum:Ascomycota;class:Eurotiomycetes;order:Eurotiales;family:Trichocomaceae;genus:Emericella;species:Emericella nidulans;,676,,,711,234,3098,,,,,p,
259485126,ChrA,Metal Homeostasis,Chromium,Transport,Aspergillus nidulans FGSC A4,superkingdom:Eukaryota;kingdom:Fungi;phylum:Ascomycota;class:Eurotiomycetes;order:Eurotiales;family:Trichocomaceae;genus:Emericella;species:Emericella nidulans;,100652,,803,5175,271,2431,321,883,3542,1450,8452,3481
67538514,ChrA,Metal Homeostasis,Chromium,Transport,Aspergillus nidulans FGSC A4,superkingdom:Eukaryota;kingdom:Fungi;phylum:Ascomycota;class:Eurotiomycetes;order:Eurotiales;family:Trichocomaceae;genus:Emericella;species:Emericella nidulans;,6478,9551,5813,5420,2095,6719,5453,6208,1249,10692,10893,10616
67903908,mgtA,Metal Homeostasis,Magnesium,Transport,Aspergillus nidulans FGSC A4,superkingdom:Eukaryota;kingdom:Fungi;phylum:Ascomycota;class:Eurotiomycetes;order:Eurotiales;family:Trichocomaceae;genus:Emericella;species:Emericella nidulans;,,389,448,377,,575,,,p,,,p
259488763,trk_fungi,Metal Homeostasis,Potassium,Transport,Aspergillus nidulans FGSC A4,superkingdom:Eukaryota;kingdom:Fungi;phylum:Ascomycota;class:Eurotiomycetes;order:Eurotiales;family:Trichocomaceae;genus:Emericella;species:Emericella nidulans;,1404,377,4429,,*,1733,p,,p,,p,
67538932,trk_fungi,Metal Homeostasis,Potassium,Transport,Aspergillus nidulans FGSC A4,superkingdom:Eukaryota;kingdom:Fungi;phylum:Ascomycota;class:Eurotiomycetes;order:Eurotiales;family:Trichocomaceae;genus:Emericella;species:Emericella nidulans;,507,*,577,1667,1019,,315,741,,421,4036,1022
40741878,vacuolar_iron_transport,Metal Homeostasis,iron,Transport,Aspergillus nidulans FGSC A4,superkingdom:Eukaryota;kingdom:Fungi;phylum:Ascomycota;class:Eurotiomycetes;order:Eurotiales;family:Trichocomaceae;genus:Emericella;species:Emericella nidulans;,390,,,453,204,1564,308,641,,567,4083,2916
67537640,vacuolar_iron_transport,Metal Homeostasis,iron,Transport,Aspergillus nidulans FGSC A4,superkingdom:Eukaryota;kingdom:Fungi;phylum:Ascomycota;class:Eurotiomycetes;order:Eurotiales;family:Trichocomaceae;genus:Emericella;species:Emericella nidulans;,3003,246,2479,1158,712,8094,520,1834,507,3629,1546,9320
66850793,arsc,Metal Homeostasis,Arsenic,Detoxification,Aspergillus fumigatus Af293,superkingdom:Eukaryota;kingdom:Fungi;phylum:Ascomycota;class:Eurotiomycetes;order:Eurotiales;family:Trichocomaceae;genus:Neosartorya;species:Aspergillus fumigatus;,p,*p,,p,*p,p,,833,2407,1499,1251,2258
119483160,czcD,Metal Homeostasis,"Cadmium,Cobalt,Zinc",Transport,Neosartorya fischeri NRRL 181,superkingdom:Eukaryota;kingdom:Fungi;phylum:Ascomycota;class:Eurotiomycetes;order:Eurotiales;family:Trichocomaceae;genus:Neosartorya;species:Neosartorya fischeri;,714,281,,,233,742,418,531,386,739,,1533
119482405,ferroxidase_high_affinity,Metal Homeostasis,iron,Transport,Neosartorya fischeri NRRL 181,superkingdom:Eukaryota;kingdom:Fungi;phylum:Ascomycota;class:Eurotiomycetes;order:Eurotiales;family:Trichocomaceae;genus:Neosartorya;species:Neosartorya fischeri;,1881,289,1881,1824,742,1556,1635,2825,671,2988,6463,3683
119482325,nhaP,Metal Homeostasis,Sodium,Transport,Neosartorya fischeri NRRL 181,superkingdom:Eukaryota;kingdom:Fungi;phylum:Ascomycota;class:Eurotiomycetes;order:Eurotiales;family:Trichocomaceae;genus:Neosartorya;species:Neosartorya fischeri;,1164,969,1139,2386,406,,277,1098,10775,985,1191,993
119474439,siderophore_transporter,Metal Homeostasis,iron,transport,Neosartorya fischeri NRRL 181,superkingdom:Eukaryota;kingdom:Fungi;phylum:Ascomycota;class:Eurotiomycetes;order:Eurotiales;family:Trichocomaceae;genus:Neosartorya;species:Neosartorya fischeri;,917,,927,511,*,757,p,,p,,,p
211589807,CadA,Metal Homeostasis,Cadmium,Transport,Penicillium chrysogenum Wisconsin 54-1255,superkingdom:Eukaryota;kingdom:Fungi;phylum:Ascomycota;class:Eurotiomycetes;order:Eurotiales;family:Trichocomaceae;genus:Penicillium;species:Penicillium chrysogenum;,1033,,10297,15813,326,676,468,1311,575,1243,1095,1161
211591486,copA,Metal Homeostasis,Copper,Transport,Penicillium chrysogenum Wisconsin 54-1255,superkingdom:Eukaryota;kingdom:Fungi;phylum:Ascomycota;class:Eurotiomycetes;order:Eurotiales;family:Trichocomaceae;genus:Penicillium;species:Penicillium chrysogenum;,18160,301,,647,1740,,501,605,,793,2652,1914
211590356,ferroxidase_high_affinity,Metal Homeostasis,iron,Transport,Penicillium chrysogenum Wisconsin 54-1255,superkingdom:Eukaryota;kingdom:Fungi;phylum:Ascomycota;class:Eurotiomycetes;order:Eurotiales;family:Trichocomaceae;genus:Penicillium;species:Penicillium chrysogenum;,2369,11302,520,294,1670,540,443,1288,255,2378,1312,842
255935867,sidA,Metal Homeostasis,iron,transport,Penicillium chrysogenum Wisconsin 54-1255,superkingdom:Eukaryota;kingdom:Fungi;phylum:Ascomycota;class:Eurotiomycetes;order:Eurotiales;family:Trichocomaceae;genus:Penicillium;species:Penicillium chrysogenum;,1020,582,1337,384,*,,p,,,p,,p
211583580,sidA,Metal Homeostasis,iron,transport,Penicillium chrysogenum Wisconsin 54-1255,superkingdom:Eukaryota;kingdom:Fungi;phylum:Ascomycota;class:Eurotiomycetes;order:Eurotiales;family:Trichocomaceae;genus:Penicillium;species:Penicillium chrysogenum;,773,226,770,369,*,4607,,,,p,,p
255931087,zrc1,Metal Homeostasis,Zinc,Transport,Penicillium chrysogenum Wisconsin 54-1255,superkingdom:Eukaryota;kingdom:Fungi;phylum:Ascomycota;class:Eurotiomycetes;order:Eurotiales;family:Trichocomaceae;genus:Penicillium;species:Penicillium chrysogenum;,1010,,,2604,226,445,237,666,,409,1684,
211587812,zrt1,Metal Homeostasis,Zinc,Transport,Penicillium chrysogenum Wisconsin 54-1255,superkingdom:Eukaryota;kingdom:Fungi;phylum:Ascomycota;class:Eurotiomycetes;order:Eurotiales;family:Trichocomaceae;genus:Penicillium;species:Penicillium chrysogenum;,835,,876,481,,587,681,656,,1345,,1992
211587026,zrt1,Metal Homeostasis,Zinc,Transport,Penicillium chrysogenum Wisconsin 54-1255,superkingdom:Eukaryota;kingdom:Fungi;phylum:Ascomycota;class:Eurotiomycetes;order:Eurotiales;family:Trichocomaceae;genus:Penicillium;species:Penicillium chrysogenum;,p,,,,,p,,810,407,428,,759
255932955,zrt2,Metal Homeostasis,Zinc,Transport,Penicillium chrysogenum Wisconsin 54-1255,superkingdom:Eukaryota;kingdom:Fungi;phylum:Ascomycota;class:Eurotiomycetes;order:Eurotiales;family:Trichocomaceae;genus:Penicillium;species:Penicillium chrysogenum;,1317,,3836,600,206,958,411,656,308,3783,1111,1973
212540828,ferroxidase_high_affinity,Metal Homeostasis,iron,Transport,Penicillium marneffei ATCC 18224,superkingdom:Eukaryota;kingdom:Fungi;phylum:Ascomycota;class:Eurotiomycetes;order:Eurotiales;family:Trichocomaceae;genus:Penicillium;species:Penicillium marneffei;,586,,629,2242,*,5627,339,,,828,5019,1502
212526752,arsA_fungi,Metal Homeostasis,Arsenic,Transport,Penicillium marneffei ATCC 18224,superkingdom:Eukaryota;kingdom:Fungi;phylum:Ascomycota;class:Eurotiomycetes;order:Eurotiales;family:Trichocomaceae;genus:Talaromyces;species:Talaromyces marneffei;,1785,498,1085,1980,2181,1771,626,9739,3119,1105,3897,5789
212532841,NiCoT,Metal Homeostasis,Nickel,Transport,Penicillium marneffei ATCC 18224,superkingdom:Eukaryota;kingdom:Fungi;phylum:Ascomycota;class:Eurotiomycetes;order:Eurotiales;family:Trichocomaceae;genus:Talaromyces;species:Talaromyces marneffei;,426,,473,3676,2726,,20034,885,636,605,1994,
212532595,sidC,Metal Homeostasis,iron,transport,Penicillium marneffei ATCC 18224,superkingdom:Eukaryota;kingdom:Fungi;phylum:Ascomycota;class:Eurotiomycetes;order:Eurotiales;family:Trichocomaceae;genus:Talaromyces;species:Talaromyces marneffei;,685,201,958,998,1560,2057,717,,455,1921,5751,3074
212531137,siderophore_transporter,Metal Homeostasis,iron,transport,Penicillium marneffei ATCC 18224,superkingdom:Eukaryota;kingdom:Fungi;phylum:Ascomycota;class:Eurotiomycetes;order:Eurotiales;family:Trichocomaceae;genus:Talaromyces;species:Talaromyces marneffei;,p,,p,,*p,p,345,561,,563,,697
210068665,silP,Metal Homeostasis,Silver,Transport,Penicillium marneffei ATCC 18224,superkingdom:Eukaryota;kingdom:Fungi;phylum:Ascomycota;class:Eurotiomycetes;order:Eurotiales;family:Trichocomaceae;genus:Talaromyces;species:Talaromyces marneffei;,391,,639,2265,,1106,,,,,p,p
242781720,arsA_fungi,Metal Homeostasis,Arsenic,Transport,Talaromyces stipitatus ATCC 10500,superkingdom:Eukaryota;kingdom:Fungi;phylum:Ascomycota;class:Eurotiomycetes;order:Eurotiales;family:Trichocomaceae;genus:Talaromyces;species:Talaromyces stipitatus;,1556,*,1735,3992,,1453,931,2356,4116,2241,1173,49350
242792058,ferroxidase_high_affinity,Metal Homeostasis,iron,Transport,Talaromyces stipitatus ATCC 10500,superkingdom:Eukaryota;kingdom:Fungi;phylum:Ascomycota;class:Eurotiomycetes;order:Eurotiales;family:Trichocomaceae;genus:Talaromyces;species:Talaromyces stipitatus;,531,,555,488,*,743,,,,,,
242808928,siderophore_transporter,Metal Homeostasis,iron,transport,Talaromyces stipitatus ATCC 10500,superkingdom:Eukaryota;kingdom:Fungi;phylum:Ascomycota;class:Eurotiomycetes;order:Eurotiales;family:Trichocomaceae;genus:Talaromyces;species:Talaromyces stipitatus;,p,,p,p,*p,,281,686,,610,1354,
242772115,siderophore_transporter,Metal Homeostasis,iron,transport,Talaromyces stipitatus ATCC 10500,superkingdom:Eukaryota;kingdom:Fungi;phylum:Ascomycota;class:Eurotiomycetes;order:Eurotiales;family:Trichocomaceae;genus:Talaromyces;species:Talaromyces stipitatus;,p,,p,p,*p,,463,,,495,1614,5272
218718364,trk_fungi,Metal Homeostasis,Potassium,Transport,Talaromyces stipitatus ATCC 10500,superkingdom:Eukaryota;kingdom:Fungi;phylum:Ascomycota;class:Eurotiomycetes;order:Eurotiales;family:Trichocomaceae;genus:Talaromyces;species:Talaromyces stipitatus;,489,333,620,631,*,907,,655,403,558,,921
242767103,vacuolar_iron_transport,Metal Homeostasis,iron,Transport,Talaromyces stipitatus ATCC 10500,superkingdom:Eukaryota;kingdom:Fungi;phylum:Ascomycota;class:Eurotiomycetes;order:Eurotiales;family:Trichocomaceae;genus:Talaromyces;species:Talaromyces stipitatus;,629,596,1087,3329,360,1683,850,1094,3349,763,,
261196598,ChrA,Metal Homeostasis,Chromium,Transport,Ajellomyces dermatitidis SLH14081,superkingdom:Eukaryota;kingdom:Fungi;phylum:Ascomycota;class:Eurotiomycetes;order:Onygenales;family:Ajellomycetaceae;genus:Ajellomyces;species:Ajellomyces dermatitidis;,p,,,,p,p,318,1366,330,,1414,
261190054,NiCoT,Metal Homeostasis,Nickel,Transport,Ajellomyces dermatitidis SLH14081,superkingdom:Eukaryota;kingdom:Fungi;phylum:Ascomycota;class:Eurotiomycetes;order:Onygenales;family:Ajellomycetaceae;genus:Ajellomyces;species:Ajellomyces dermatitidis;,1405,*,1130,574,220,1006,450,635,696,1100,1835,1154
261193327,silP,Metal Homeostasis,Silver,Transport,Ajellomyces dermatitidis SLH14081,superkingdom:Eukaryota;kingdom:Fungi;phylum:Ascomycota;class:Eurotiomycetes;order:Onygenales;family:Ajellomycetaceae;genus:Ajellomyces;species:Ajellomyces dermatitidis;,1099,,1050,918,416,457,458,1953,559,1354,4387,2745
302511211,ChrA,Metal Homeostasis,Chromium,Transport,Arthroderma benhamiae CBS 112371,superkingdom:Eukaryota;kingdom:Fungi;phylum:Ascomycota;class:Eurotiomycetes;order:Onygenales;family:Arthrodermataceae;genus:Arthroderma;species:Arthroderma benhamiae;,725,,692,711,205,710,,809,387,1079,,1098
311339107,siderophore_transporter,Metal Homeostasis,iron,transport,Arthroderma gypseum CBS 118893,superkingdom:Eukaryota;kingdom:Fungi;phylum:Ascomycota;class:Eurotiomycetes;order:Onygenales;family:Arthrodermataceae;genus:Arthroderma;species:Arthroderma gypseum;,602,*,689,,758,1585,315,957,334,687,3669,1524
315041142,siderophore_transporter,Metal Homeostasis,iron,transport,Arthroderma gypseum CBS 118893,superkingdom:Eukaryota;kingdom:Fungi;phylum:Ascomycota;class:Eurotiomycetes;order:Onygenales;family:Arthrodermataceae;genus:Arthroderma;species:Arthroderma gypseum;,p,p,,,,p,4685,,8616,2023,,800
311345910,siderophore_transporter,Metal Homeostasis,iron,transport,Arthroderma gypseum CBS 118893,superkingdom:Eukaryota;kingdom:Fungi;phylum:Ascomycota;class:Eurotiomycetes;order:Onygenales;family:Arthrodermataceae;genus:Arthroderma;species:Arthroderma gypseum;,726,,2761,804,237,1271,216,815,,442,1059,816
315052462,siderophore_transporter,Metal Homeostasis,iron,transport,Arthroderma gypseum CBS 118893,superkingdom:Eukaryota;kingdom:Fungi;phylum:Ascomycota;class:Eurotiomycetes;order:Onygenales;family:Arthrodermataceae;genus:Arthroderma;species:Arthroderma gypseum;,,,,,,,1684,587,286,566,,
315047929,zrt1,Metal Homeostasis,Zinc,Transport,Arthroderma gypseum CBS 118893,superkingdom:Eukaryota;kingdom:Fungi;phylum:Ascomycota;class:Eurotiomycetes;order:Onygenales;family:Arthrodermataceae;genus:Arthroderma;species:Arthroderma gypseum;,17534,223,,1023,*,2438,p,,,,p,p
315051600,zrt2,Metal Homeostasis,Zinc,Transport,Arthroderma gypseum CBS 118893,superkingdom:Eukaryota;kingdom:Fungi;phylum:Ascomycota;class:Eurotiomycetes;order:Onygenales;family:Arthrodermataceae;genus:Arthroderma;species:Arthroderma gypseum;,1861,1038,2007,451,6302,,1641,2426,359,1283,,
296811262,ChrA,Metal Homeostasis,Chromium,Transport,Arthroderma otae CBS 113480,superkingdom:Eukaryota;kingdom:Fungi;phylum:Ascomycota;class:Eurotiomycetes;order:Onygenales;family:Arthrodermataceae;genus:Arthroderma;species:Arthroderma otae;,p,,,p,*p,,269,,,691,963,934
296808319,mgtA,Metal Homeostasis,Magnesium,Transport,Arthroderma otae CBS 113480,superkingdom:Eukaryota;kingdom:Fungi;phylum:Ascomycota;class:Eurotiomycetes;order:Onygenales;family:Arthrodermataceae;genus:Arthroderma;species:Arthroderma otae;,p,,,,p,p,1247,862,1044,,,1192
258566962,nhaP,Metal Homeostasis,Sodium,Transport,Uncinocarpus reesii 1704,superkingdom:Eukaryota;kingdom:Fungi;phylum:Ascomycota;class:Eurotiomycetes;order:Onygenales;family:Onygenaceae;genus:Uncinocarpus;species:Uncinocarpus reesii;,p,,,,,p,470,,,541,1446,837
237902929,siderophore_transporter,Metal Homeostasis,iron,transport,Uncinocarpus reesii 1704,superkingdom:Eukaryota;kingdom:Fungi;phylum:Ascomycota;class:Eurotiomycetes;order:Onygenales;family:Onygenaceae;genus:Uncinocarpus;species:Uncinocarpus reesii;,806,,763,,526,3198,332,1400,335,768,1867,887
258563478,silP,Metal Homeostasis,Silver,Transport,Uncinocarpus reesii 1704,superkingdom:Eukaryota;kingdom:Fungi;phylum:Ascomycota;class:Eurotiomycetes;order:Onygenales;family:Onygenaceae;genus:Uncinocarpus;species:Uncinocarpus reesii;,849,,744,306,636,613,2563,1285,21333,1164,,1072
258571303,trk_fungi,Metal Homeostasis,Potassium,Transport,Uncinocarpus reesii 1704,superkingdom:Eukaryota;kingdom:Fungi;phylum:Ascomycota;class:Eurotiomycetes;order:Onygenales;family:Onygenaceae;genus:Uncinocarpus;species:Uncinocarpus reesii;,3217,*,1713,399,401,1619,771,832,1129,1006,,1684
156053616,copA,Metal Homeostasis,Copper,Transport,Sclerotinia sclerotiorum 1980,superkingdom:Eukaryota;kingdom:Fungi;phylum:Ascomycota;class:Leotiomycetes;order:Helotiales;family:Sclerotiniaceae;genus:Sclerotinia;species:Sclerotinia sclerotiorum;,p,p,p,,*p,,1271,1602,,11743,,10883
156048138,NiCoT,Metal Homeostasis,Nickel,Transport,Sclerotinia sclerotiorum 1980,superkingdom:Eukaryota;kingdom:Fungi;phylum:Ascomycota;class:Leotiomycetes;order:Helotiales;family:Sclerotiniaceae;genus:Sclerotinia;species:Sclerotinia sclerotiorum;,p,,,,*p,,306,1351,,942,,812
156059368,sidA,Metal Homeostasis,iron,transport,Sclerotinia sclerotiorum 1980,superkingdom:Eukaryota;kingdom:Fungi;phylum:Ascomycota;class:Leotiomycetes;order:Helotiales;family:Sclerotiniaceae;genus:Sclerotinia;species:Sclerotinia sclerotiorum;,2732,2404,232054,4912,3095,1764,4322,7120,1084,2389,4410,3636
296422763,silP,Metal Homeostasis,Silver,Transport,Tuber melanosporum Mel28,superkingdom:Eukaryota;kingdom:Fungi;phylum:Ascomycota;class:Pezizomycetes;order:Pezizales;family:Tuberaceae;genus:Tuber;species:Tuber melanosporum;,1491,205,552,978,*,1232,272,1409,1093,1568,1430,2558
296410704,trk_fungi,Metal Homeostasis,Potassium,Transport,Tuber melanosporum Mel28,superkingdom:Eukaryota;kingdom:Fungi;phylum:Ascomycota;class:Pezizomycetes;order:Pezizales;family:Tuberaceae;genus:Tuber;species:Tuber melanosporum;,1097,*,511,489,222,676,261,813,326,472,851,816
199434166,msc2,Metal Homeostasis,Zinc,Transport,Debaryomyces hansenii CBS767,superkingdom:Eukaryota;kingdom:Fungi;phylum:Ascomycota;class:Saccharomycetes;order:Saccharomycetales;family:Debaryomycetaceae;genus:Debaryomyces;species:Debaryomyces hansenii;,4778,2337,3597,2111,1389,3704,1835,11582,970,6165,1959,3884
199433133,zrt1,Metal Homeostasis,Zinc,Transport,Debaryomyces hansenii CBS767,superkingdom:Eukaryota;kingdom:Fungi;phylum:Ascomycota;class:Saccharomycetes;order:Saccharomycetales;family:Debaryomycetaceae;genus:Debaryomyces;species:Debaryomyces hansenii;,513,254,,330,,509,,,p,p,,
146412572,czcD,Metal Homeostasis,"Cadmium,Cobalt,Zinc",Transport,Pichia guilliermondii ATCC 6260,superkingdom:Eukaryota;kingdom:Fungi;phylum:Ascomycota;class:Saccharomycetes;order:Saccharomycetales;family:Debaryomycetaceae;genus:Meyerozyma;species:Meyerozyma guilliermondii;,p,,p,,*p,p,,762,,1486,5984,1105
190345914,trk_fungi,Metal Homeostasis,Potassium,Transport,Meyerozyma guilliermondii ATCC 6260,superkingdom:Eukaryota;kingdom:Fungi;phylum:Ascomycota;class:Saccharomycetes;order:Saccharomycetales;family:Debaryomycetaceae;genus:Meyerozyma;species:Meyerozyma guilliermondii;,3517,,43647,1141,946,6192,2301,3292,317,5590,17070,3510
359377317,zrt2,Metal Homeostasis,Zinc,Transport,Millerozyma farinosa CBS 7064,superkingdom:Eukaryota;kingdom:Fungi;phylum:Ascomycota;class:Saccharomycetes;order:Saccharomycetales;family:Debaryomycetaceae;genus:Millerozyma;species:Millerozyma farinosa;,,,,p,,,213,,,586,2683,1827
49646143,ferroxidase_high_affinity,Metal Homeostasis,iron,Transport,Yarrowia lipolytica,superkingdom:Eukaryota;kingdom:Fungi;phylum:Ascomycota;class:Saccharomycetes;order:Saccharomycetales;family:Dipodascaceae;genus:Yarrowia;,371,201,,7672,*,773,,,,,,
50551945,nhaP,Metal Homeostasis,Sodium,Transport,Yarrowia lipolytica,superkingdom:Eukaryota;kingdom:Fungi;phylum:Ascomycota;class:Saccharomycetes;order:Saccharomycetales;family:Dipodascaceae;genus:Yarrowia;species:Yarrowia lipolytica;,721,*,647,6963,297,8335,312,738,376,1114,15835,4212
50547659,nhaP,Metal Homeostasis,Sodium,Transport,Yarrowia lipolytica,superkingdom:Eukaryota;kingdom:Fungi;phylum:Ascomycota;class:Saccharomycetes;order:Saccharomycetales;family:Dipodascaceae;genus:Yarrowia;species:Yarrowia lipolytica;,1868,1092,1821,392,334,1021,2100,1613,1319,3496,10484,1956
50551191,siderophore_transporter,Metal Homeostasis,iron,transport,Yarrowia lipolytica,superkingdom:Eukaryota;kingdom:Fungi;phylum:Ascomycota;class:Saccharomycetes;order:Saccharomycetales;family:Dipodascaceae;genus:Yarrowia;species:Yarrowia lipolytica;,p,,,,*p,p,309,,653,510,1842,
50547245,siderophore_transporter,Metal Homeostasis,iron,transport,Yarrowia lipolytica,superkingdom:Eukaryota;kingdom:Fungi;phylum:Ascomycota;class:Saccharomycetes;order:Saccharomycetales;family:Dipodascaceae;genus:Yarrowia;species:Yarrowia lipolytica;,1444,,997,1382,327,660,1698,586,,2184,5136,1093
49646016,siderophore_transporter,Metal Homeostasis,iron,transport,Yarrowia lipolytica CLIB122,superkingdom:Eukaryota;kingdom:Fungi;phylum:Ascomycota;class:Saccharomycetes;order:Saccharomycetales;family:Dipodascaceae;genus:Yarrowia;species:Yarrowia lipolytica;,3382,1409,3683,1293,1304,2824,3078,1973,945,9274,1634,3928
50549569,zrt1,Metal Homeostasis,Zinc,Transport,Yarrowia lipolytica,superkingdom:Eukaryota;kingdom:Fungi;phylum:Ascomycota;class:Saccharomycetes;order:Saccharomycetales;family:Dipodascaceae;genus:Yarrowia;species:Yarrowia lipolytica;,630,237,1075,310,287,394,271,1291,278,1312,,941
49651326,zrt1,Metal Homeostasis,Zinc,Transport,Yarrowia lipolytica CLIB122,superkingdom:Eukaryota;kingdom:Fungi;phylum:Ascomycota;class:Saccharomycetes;order:Saccharomycetales;family:Dipodascaceae;genus:Yarrowia;species:Yarrowia lipolytica;,p,,,,*p,p,418,,812,571,,714
260942175,arsA_fungi,Metal Homeostasis,Arsenic,Transport,Clavispora lusitaniae ATCC 42720,superkingdom:Eukaryota;kingdom:Fungi;phylum:Ascomycota;class:Saccharomycetes;order:Saccharomycetales;family:Metschnikowiaceae;genus:Clavispora;species:Clavispora lusitaniae;,10807,166531,12446,14181,2927,28407,29343,8811,1208,33071,12295,7028
260942327,ferric_reductase_transporter,Metal Homeostasis,iron,Transport,Clavispora lusitaniae ATCC 42720,superkingdom:Eukaryota;kingdom:Fungi;phylum:Ascomycota;class:Saccharomycetes;order:Saccharomycetales;family:Metschnikowiaceae;genus:Clavispora;species:Clavispora lusitaniae;,1298,239,897,543,319,912,205,956,1006,1602,851,2565
260951481,vacuolar_iron_transport,Metal Homeostasis,iron,Transport,Clavispora lusitaniae ATCC 42720,superkingdom:Eukaryota;kingdom:Fungi;phylum:Ascomycota;class:Saccharomycetes;order:Saccharomycetales;family:Metschnikowiaceae;genus:Clavispora;species:Clavispora lusitaniae;,,,,p,*p,p,203,1636,,614,,1630
238942491,cot1,Metal Homeostasis,Zinc,Transport,Lachancea thermotolerans CBS 6340,superkingdom:Eukaryota;kingdom:Fungi;phylum:Ascomycota;class:Saccharomycetes;order:Saccharomycetales;family:Saccharomycetaceae;genus:Lachancea;species:Lachancea thermotolerans;,p,,,p,*p,p,271,983,,716,6832,1320
255714549,ferric_reductase_transporter,Metal Homeostasis,iron,Transport,Lachancea thermotolerans,superkingdom:Eukaryota;kingdom:Fungi;phylum:Ascomycota;class:Saccharomycetes;order:Saccharomycetales;family:Saccharomycetaceae;genus:Lachancea;species:Lachancea thermotolerans;,1485,,,6787,702,1104,383,,,500,11663,1793
255719366,ferric_reductase_transporter,Metal Homeostasis,iron,Transport,Lachancea thermotolerans,superkingdom:Eukaryota;kingdom:Fungi;phylum:Ascomycota;class:Saccharomycetes;order:Saccharomycetales;family:Saccharomycetaceae;genus:Lachancea;species:Lachancea thermotolerans;,522,354,,9853,,1942,p,,,,,
255716550,msc2,Metal Homeostasis,Zinc,Transport,Lachancea thermotolerans,superkingdom:Eukaryota;kingdom:Fungi;phylum:Ascomycota;class:Saccharomycetes;order:Saccharomycetales;family:Saccharomycetaceae;genus:Lachancea;species:Lachancea thermotolerans;,1402,484,10727,2832,318,783,817,739,308,543,,792
255716250,zrt3,Metal Homeostasis,Zinc,Transport,Lachancea thermotolerans,superkingdom:Eukaryota;kingdom:Fungi;phylum:Ascomycota;class:Saccharomycetes;order:Saccharomycetales;family:Saccharomycetaceae;genus:Lachancea;species:Lachancea thermotolerans;,p,,,p,*p,p,365,2045,,496,,1866
365761468,msc2,Metal Homeostasis,Zinc,Transport,Saccharomyces cerevisiae x Saccharomyces kudriavzevii VIN7,superkingdom:Eukaryota;kingdom:Fungi;phylum:Ascomycota;class:Saccharomycetes;order:Saccharomycetales;family:Saccharomycetaceae;genus:Saccharomyces;species:Saccharomyces cerevisiae x Saccharomyces kudriavzevii;,641,206,700,409,*,473,p,,p,,,p
387513388,atr1,Metal Homeostasis,Boron,Transport,Tetrapisispora blattae CBS 6284,superkingdom:Eukaryota;kingdom:Fungi;phylum:Ascomycota;class:Saccharomycetes;order:Saccharomycetales;family:Saccharomycetaceae;genus:Tetrapisispora;species:Tetrapisispora blattae;,,,,p,p,p,428,,519,946,,1485
359750452,zrt3,Metal Homeostasis,Zinc,Transport,Torulaspora delbrueckii,superkingdom:Eukaryota;kingdom:Fungi;phylum:Ascomycota;class:Saccharomycetes;order:Saccharomycetales;family:Saccharomycetaceae;genus:Torulaspora;,,,,p,p,p,303,,,1314,899,1020
68469355,arsA_fungi,Metal Homeostasis,Arsenic,Transport,Candida albicans SC5314,superkingdom:Eukaryota;kingdom:Fungi;phylum:Ascomycota;class:Saccharomycetes;order:Saccharomycetales;genus:Candida;species:Candida albicans;,884,340,1807,1924,445,1803,575,1145,,899,2120,2259
46433267,Ca_vacuolar_exchanger,Metal Homeostasis,Calcium,Transport,Candida albicans SC5314,superkingdom:Eukaryota;kingdom:Fungi;phylum:Ascomycota;class:Saccharomycetes;order:Saccharomycetales;genus:Candida;species:Candida albicans;,p,,p,,*p,p,239,1607,362,539,13201,765
223643023,nhaP,Metal Homeostasis,Sodium,Transport,Candida dubliniensis CD36,superkingdom:Eukaryota;kingdom:Fungi;phylum:Ascomycota;class:Saccharomycetes;order:Saccharomycetales;genus:Candida;species:Candida dubliniensis;,376,,718,428,,1594,,557,527,550,3309,1774
241951956,siderophore_transporter,Metal Homeostasis,iron,transport,Candida dubliniensis CD36,superkingdom:Eukaryota;kingdom:Fungi;phylum:Ascomycota;class:Saccharomycetes;order:Saccharomycetales;genus:Candida;species:Candida dubliniensis;,1045,13214,1198,4404,*,11159,290,572,2032,433,36024,89680
255722485,iron_permease_high_affinity,Metal Homeostasis,iron,Transport,Candida tropicalis MYA-3404,superkingdom:Eukaryota;kingdom:Fungi;phylum:Ascomycota;class:Saccharomycetes;order:Saccharomycetales;genus:Candida;species:Candida tropicalis;,1978,,3462,626,978,1569,748,1050,604,1049,2411,1981
212003871,ferric_reductase_transporter,Metal Homeostasis,iron,Transport,Schizosaccharomyces japonicus yFS275,superkingdom:Eukaryota;kingdom:Fungi;phylum:Ascomycota;class:Schizosaccharomycetes;order:Schizosaccharomycetales;family:Schizosaccharomycetaceae;genus:Schizosaccharomyces;species:Schizosaccharomyces japonicus;,731,281,605,,238,,362,594,,756,,1577
380493896,chaA,Metal Homeostasis,Calcium,Transport,Colletotrichum higginsianum,superkingdom:Eukaryota;kingdom:Fungi;phylum:Ascomycota;class:Sordariomycetes;order:Glomerellales;family:Glomerellaceae;genus:Colletotrichum;,720,2099,1226,364,377,882,440,,2994,1647,1185,1050
380490795,NiCoT,Metal Homeostasis,Nickel,Transport,Colletotrichum higginsianum,superkingdom:Eukaryota;kingdom:Fungi;phylum:Ascomycota;class:Sordariomycetes;order:Glomerellales;family:Glomerellaceae;genus:Colletotrichum;,4493,3356,2618,3471,1366,5793,2003,4152,1672,8216,7756,8706
380491412,silP,Metal Homeostasis,Silver,Transport,Colletotrichum higginsianum,superkingdom:Eukaryota;kingdom:Fungi;phylum:Ascomycota;class:Sordariomycetes;order:Glomerellales;family:Glomerellaceae;genus:Colletotrichum;,471,1947,1079,,4146,615,1126,2417,360,963,1669,1117
310789705,corA,Metal Homeostasis,Cobalt/Magnesium,Transport,Glomerella graminicola M1.001,superkingdom:Eukaryota;kingdom:Fungi;phylum:Ascomycota;class:Sordariomycetes;order:Glomerellales;family:Glomerellaceae;genus:Colletotrichum;species:Colletotrichum graminicola;,1267,*,1235,539,1698,458,10152,2098,448,2981,2793,1846
310801087,NiCoT,Metal Homeostasis,Nickel,Transport,Glomerella graminicola M1.001,superkingdom:Eukaryota;kingdom:Fungi;phylum:Ascomycota;class:Sordariomycetes;order:Glomerellales;family:Glomerellaceae;genus:Colletotrichum;species:Colletotrichum graminicola;,3940,281,1636,733,1479,1649,4561,14470,489,4774,2726,2411
310790282,silP,Metal Homeostasis,Silver,Transport,Glomerella graminicola M1.001,superkingdom:Eukaryota;kingdom:Fungi;phylum:Ascomycota;class:Sordariomycetes;order:Glomerellales;family:Glomerellaceae;genus:Colletotrichum;species:Colletotrichum graminicola;,p,,,p,,p,240,,655,19337,1777,3712
302407892,Ca_vacuolar_exchanger,Metal Homeostasis,Calcium,Transport,Verticillium albo-atrum VaMs.102,superkingdom:Eukaryota;kingdom:Fungi;phylum:Ascomycota;class:Sordariomycetes;order:Glomerellales;family:Plectosphaerellaceae;genus:Verticillium;species:Verticillium alfalfae;,1681,226,1727,1136,2281,10116,792,959,432,1072,7042,5382
302423408,Ca_vacuolar_exchanger,Metal Homeostasis,Calcium,Transport,Verticillium albo-atrum VaMs.102,superkingdom:Eukaryota;kingdom:Fungi;phylum:Ascomycota;class:Sordariomycetes;order:Glomerellales;family:Plectosphaerellaceae;genus:Verticillium;species:Verticillium alfalfae;,,,,p,,p,2345,,,1050,7561,821
302412048,siderophore_transporter,Metal Homeostasis,iron,transport,Verticillium albo-atrum VaMs.102,superkingdom:Eukaryota;kingdom:Fungi;phylum:Ascomycota;class:Sordariomycetes;order:Glomerellales;family:Plectosphaerellaceae;genus:Verticillium;species:Verticillium alfalfae;,1331,*,700,4420,*,513,,,p,p,,
302417272,siderophore_transporter,Metal Homeostasis,iron,transport,Verticillium albo-atrum VaMs.102,superkingdom:Eukaryota;kingdom:Fungi;phylum:Ascomycota;class:Sordariomycetes;order:Glomerellales;family:Plectosphaerellaceae;genus:Verticillium;species:Verticillium alfalfae;,1125,,517,411,415,3065,1087,,328,15410,926,2010
302407365,siderophore_transporter,Metal Homeostasis,iron,transport,Verticillium albo-atrum VaMs.102,superkingdom:Eukaryota;kingdom:Fungi;phylum:Ascomycota;class:Sordariomycetes;order:Glomerellales;family:Plectosphaerellaceae;genus:Verticillium;species:Verticillium alfalfae;,p,,,,*p,,482,577,,,8613,799
302415925,silP,Metal Homeostasis,Silver,Transport,Verticillium albo-atrum VaMs.102,superkingdom:Eukaryota;kingdom:Fungi;phylum:Ascomycota;class:Sordariomycetes;order:Glomerellales;family:Plectosphaerellaceae;genus:Verticillium;species:Verticillium alfalfae;,919,278,906,,431,,p,p,,p,,
302407648,silP,Metal Homeostasis,Silver,Transport,Verticillium albo-atrum VaMs.102,superkingdom:Eukaryota;kingdom:Fungi;phylum:Ascomycota;class:Sordariomycetes;order:Glomerellales;family:Plectosphaerellaceae;genus:Verticillium;species:Verticillium alfalfae;,1416,16880,1158,,571,905,596,948,472,2150,2068,1642
261354296,trk_fungi,Metal Homeostasis,Potassium,Transport,Verticillium albo-atrum VaMs.102,superkingdom:Eukaryota;kingdom:Fungi;phylum:Ascomycota;class:Sordariomycetes;order:Glomerellales;family:Plectosphaerellaceae;genus:Verticillium;species:Verticillium alfalfae;,,p,,,p,p,565,,19407,542,1233,
302417944,zrt1,Metal Homeostasis,Zinc,Transport,Verticillium albo-atrum VaMs.102,superkingdom:Eukaryota;kingdom:Fungi;phylum:Ascomycota;class:Sordariomycetes;order:Glomerellales;family:Plectosphaerellaceae;genus:Verticillium;species:Verticillium alfalfae;,432,,561,,486,544,,,,p,,
346975804,NiCoT,Metal Homeostasis,Nickel,Transport,Verticillium dahliae VdLs.17,superkingdom:Eukaryota;kingdom:Fungi;phylum:Ascomycota;class:Sordariomycetes;order:Glomerellales;family:Plectosphaerellaceae;genus:Verticillium;species:Verticillium dahliae;,843,314,842,635,341,9212,1330,686,329,1025,924,1032
27525867,ferroxidase_high_affinity,Metal Homeostasis,iron,Transport,Claviceps purpurea,superkingdom:Eukaryota;kingdom:Fungi;phylum:Ascomycota;class:Sordariomycetes;order:Hypocreales;family:Clavicipitaceae;genus:Claviceps;,1247,*,698,664,213,1193,282,1063,,705,3017,1628
322695787,NiCoT,Metal Homeostasis,Nickel,Transport,Metarhizium acridum CQMa 102,superkingdom:Eukaryota;kingdom:Fungi;phylum:Ascomycota;class:Sordariomycetes;order:Hypocreales;family:Clavicipitaceae;genus:Metarhizium;species:Metarhizium acridum;,829,*,1005,30277,1311,7239,533,,,844,40002,1384
322692350,siderophore_transporter,Metal Homeostasis,iron,transport,Metarhizium acridum CQMa 102,superkingdom:Eukaryota;kingdom:Fungi;phylum:Ascomycota;class:Sordariomycetes;order:Hypocreales;family:Clavicipitaceae;genus:Metarhizium;species:Metarhizium acridum;,,,554,1198,479,450,460,727,,1206,2988,
322693837,silP,Metal Homeostasis,Silver,Transport,Metarhizium acridum CQMa 102,superkingdom:Eukaryota;kingdom:Fungi;phylum:Ascomycota;class:Sordariomycetes;order:Hypocreales;family:Clavicipitaceae;genus:Metarhizium;species:Metarhizium acridum;,1059,,467,4033,278,550,p,p,,p,,
322694486,silP,Metal Homeostasis,Silver,Transport,Metarhizium acridum CQMa 102,superkingdom:Eukaryota;kingdom:Fungi;phylum:Ascomycota;class:Sordariomycetes;order:Hypocreales;family:Clavicipitaceae;genus:Metarhizium;species:Metarhizium acridum;,1254,,2595,551,15919,5234,738,2418,764,1349,2276,2079
322705897,NiCoT,Metal Homeostasis,Nickel,Transport,Metarhizium anisopliae ARSEF 23,superkingdom:Eukaryota;kingdom:Fungi;phylum:Ascomycota;class:Sordariomycetes;order:Hypocreales;family:Clavicipitaceae;genus:Metarhizium;species:Metarhizium anisopliae;,1262,,2388,577,555,558,4356,1322,,1609,904,
322702436,siderophore_transporter,Metal Homeostasis,iron,transport,Metarhizium anisopliae ARSEF 23,superkingdom:Eukaryota;kingdom:Fungi;phylum:Ascomycota;class:Sordariomycetes;order:Hypocreales;family:Clavicipitaceae;genus:Metarhizium;species:Metarhizium anisopliae;,24596,9230,6038,8247,2678,10071,12232,6457,4803,3274,5017,9571
322707833,siderophore_transporter,Metal Homeostasis,iron,transport,Metarhizium anisopliae ARSEF 23,superkingdom:Eukaryota;kingdom:Fungi;phylum:Ascomycota;class:Sordariomycetes;order:Hypocreales;family:Clavicipitaceae;genus:Metarhizium;species:Metarhizium anisopliae;,3172,438,2920,,2548,1304,1455,2528,1856,3984,2305,793
322706290,siderophore_transporter,Metal Homeostasis,iron,transport,Metarhizium anisopliae ARSEF 23,superkingdom:Eukaryota;kingdom:Fungi;phylum:Ascomycota;class:Sordariomycetes;order:Hypocreales;family:Clavicipitaceae;genus:Metarhizium;species:Metarhizium anisopliae;,2283,2029,1837,1458,1079,2603,3232,2007,,3186,11651,1946
322707837,siderophore_transporter,Metal Homeostasis,iron,transport,Metarhizium anisopliae ARSEF 23,superkingdom:Eukaryota;kingdom:Fungi;phylum:Ascomycota;class:Sordariomycetes;order:Hypocreales;family:Clavicipitaceae;genus:Metarhizium;species:Metarhizium anisopliae;,p,*p,,p,,p,590,,,488,13504,862
346327052,Ca_vacuolar_exchanger,Metal Homeostasis,Calcium,Transport,Cordyceps militaris CM01,superkingdom:Eukaryota;kingdom:Fungi;phylum:Ascomycota;class:Sordariomycetes;order:Hypocreales;family:Cordycipitaceae;genus:Cordyceps;species:Cordyceps militaris;,20754,281,3292,3539,1965,5896,2502,8559,1247,3819,27075,5481
358396736,siderophore_transporter,Metal Homeostasis,iron,transport,Trichoderma atroviride IMI 206040,superkingdom:Eukaryota;kingdom:Fungi;phylum:Ascomycota;class:Sordariomycetes;order:Hypocreales;family:Hypocreaceae;genus:Trichoderma;species:Trichoderma atroviride;,2916,267,1483,382,235,1311,1167,45093,374,658,,1334
358382105,nhaP,Metal Homeostasis,Sodium,Transport,Trichoderma virens Gv29-8,superkingdom:Eukaryota;kingdom:Fungi;phylum:Ascomycota;class:Sordariomycetes;order:Hypocreales;family:Hypocreaceae;genus:Trichoderma;species:Trichoderma virens;,5469,394,504,563,283,672,1132,2122,515,1066,3282,839
342873126,silP,Metal Homeostasis,Silver,Transport,Fusarium oxysporum Fo5176,superkingdom:Eukaryota;kingdom:Fungi;phylum:Ascomycota;class:Sordariomycetes;order:Hypocreales;family:Nectriaceae;genus:Fusarium;species:Fusarium oxysporum;,439,438,,842,*,513,p,p,p,,,
256731693,arsA_fungi,Metal Homeostasis,Arsenic,Transport,Nectria haematococca mpVI 77-13-4,superkingdom:Eukaryota;kingdom:Fungi;phylum:Ascomycota;class:Sordariomycetes;order:Hypocreales;family:Nectriaceae;genus:Fusarium;species:Nectria haematococca;,2034,632,2835,3389,1985,2781,7314,3503,480,4368,2150,2132
256734850,ChrA,Metal Homeostasis,Chromium,Transport,Nectria haematococca mpVI 77-13-4,superkingdom:Eukaryota;kingdom:Fungi;phylum:Ascomycota;class:Sordariomycetes;order:Hypocreales;family:Nectriaceae;genus:Fusarium;species:Nectria haematococca;,682,,747,673,1953,2530,878,812,,1478,9530,1108
256725753,corA,Metal Homeostasis,Cobalt/Magnesium,Transport,Nectria haematococca mpVI 77-13-4,superkingdom:Eukaryota;kingdom:Fungi;phylum:Ascomycota;class:Sordariomycetes;order:Hypocreales;family:Nectriaceae;genus:Fusarium;species:Nectria haematococca;,6604,,2348,342,1545,558,4214,3231,848,2656,,1018
256729734,mer,Metal Homeostasis,Mercury,Detoxification,Nectria haematococca mpVI 77-13-4,superkingdom:Eukaryota;kingdom:Fungi;phylum:Ascomycota;class:Sordariomycetes;order:Hypocreales;family:Nectriaceae;genus:Fusarium;species:Nectria haematococca;,1140,672,1090,777,*,7505,p,,p,p,,
256726426,NiCoT,Metal Homeostasis,Nickel,Transport,Nectria haematococca mpVI 77-13-4,superkingdom:Eukaryota;kingdom:Fungi;phylum:Ascomycota;class:Sordariomycetes;order:Hypocreales;family:Nectriaceae;genus:Fusarium;species:Nectria haematococca;,743,,613,510,1324,6988,2274,,934,1235,23859,4358
302895105,silP,Metal Homeostasis,Silver,Transport,Nectria haematococca mpVI 77-13-4,superkingdom:Eukaryota;kingdom:Fungi;phylum:Ascomycota;class:Sordariomycetes;order:Hypocreales;family:Nectriaceae;genus:Fusarium;species:Nectria haematococca;,11297,29579,33357,621,454,3548,1409,1057,810,882,9696,
302886753,trk_fungi,Metal Homeostasis,Potassium,Transport,Nectria haematococca mpVI 77-13-4,superkingdom:Eukaryota;kingdom:Fungi;phylum:Ascomycota;class:Sordariomycetes;order:Hypocreales;family:Nectriaceae;genus:Fusarium;species:Nectria haematococca;,1100,251,1313,1008,575,821,382,1663,890,740,832,1142
42553681,czcD,Metal Homeostasis,"Cadmium,Cobalt,Zinc",Transport,Gibberella zeae PH-1,superkingdom:Eukaryota;kingdom:Fungi;phylum:Ascomycota;class:Sordariomycetes;order:Hypocreales;family:Nectriaceae;genus:Gibberella;species:Gibberella zeae;,p,,,,*p,,2221,1088,908,1198,,1023
256724833,sidA,Metal Homeostasis,iron,transport,Nectria haematococca mpVI 77-13-4,superkingdom:Eukaryota;kingdom:Fungi;phylum:Ascomycota;class:Sordariomycetes;order:Hypocreales;family:Nectriaceae;genus:Nectria;species:Nectria haematococca;,1468,,8300,865,*,1376,p,,,p,,p
145606584,cadBD,Metal Homeostasis,Cadmium,Transport,Magnaporthe grisea 70-15,superkingdom:Eukaryota;kingdom:Fungi;phylum:Ascomycota;class:Sordariomycetes;order:Magnaporthales;family:Magnaporthaceae;genus:Magnaporthe;species:Magnaporthe oryzae;,1932,1170,1080,803,404,2462,448,878,1362,1633,2483,3499
351648535,cadBD,Metal Homeostasis,Cadmium,Transport,Magnaporthe oryzae 70-15,superkingdom:Eukaryota;kingdom:Fungi;phylum:Ascomycota;class:Sordariomycetes;order:Magnaporthales;family:Magnaporthaceae;genus:Magnaporthe;species:Magnaporthe oryzae;,p,,,,p,p,757,,6291,767,889,3282
39970051,ChrA,Metal Homeostasis,Chromium,Transport,Magnaporthe grisea 70-15,superkingdom:Eukaryota;kingdom:Fungi;phylum:Ascomycota;class:Sordariomycetes;order:Magnaporthales;family:Magnaporthaceae;genus:Magnaporthe;species:Magnaporthe oryzae;,,,p,,*p,p,658,,894,641,3873,1112
39968131,iron_permease_high_affinity,Metal Homeostasis,iron,Transport,Magnaporthe grisea 70-15,superkingdom:Eukaryota;kingdom:Fungi;phylum:Ascomycota;class:Sordariomycetes;order:Magnaporthales;family:Magnaporthaceae;genus:Magnaporthe;species:Magnaporthe oryzae;,6391,2350,25908,1139,5070,2518,4891,11948,6426,5693,5392,3707
351649898,NiCoT,Metal Homeostasis,Nickel,Transport,Magnaporthe oryzae 70-15,superkingdom:Eukaryota;kingdom:Fungi;phylum:Ascomycota;class:Sordariomycetes;order:Magnaporthales;family:Magnaporthaceae;genus:Magnaporthe;species:Magnaporthe oryzae;,p,,,,p,,204,607,414,510,,939
351641553,siderophore_transporter,Metal Homeostasis,iron,transport,Magnaporthe oryzae 70-15,superkingdom:Eukaryota;kingdom:Fungi;phylum:Ascomycota;class:Sordariomycetes;order:Magnaporthales;family:Magnaporthaceae;genus:Magnaporthe;species:Magnaporthe oryzae;,2111,300,553,989,332,1031,404,1574,,582,1942,1218
389642735,siderophore_transporter,Metal Homeostasis,iron,transport,Magnaporthe oryzae 70-15,superkingdom:Eukaryota;kingdom:Fungi;phylum:Ascomycota;class:Sordariomycetes;order:Magnaporthales;family:Magnaporthaceae;genus:Magnaporthe;species:Magnaporthe oryzae;,,,p,,p,p,875,,455,453,2465,770
39943288,zntA,Metal Homeostasis,Zinc,Transport,Magnaporthe grisea 70-15,superkingdom:Eukaryota;kingdom:Fungi;phylum:Ascomycota;class:Sordariomycetes;order:Magnaporthales;family:Magnaporthaceae;genus:Magnaporthe;species:Magnaporthe oryzae;,,202,608,547,*,629,,,,p,,
320586217,siderophore_transporter,Metal Homeostasis,iron,transport,Grosmannia clavigera kw1407,superkingdom:Eukaryota;kingdom:Fungi;phylum:Ascomycota;class:Sordariomycetes;order:Ophiostomatales;family:Ophiostomataceae;genus:Grosmannia;species:Grosmannia clavigera;,4012,206,858,20426,13368,764,p,,,p,p,
320592610,siderophore_transporter,Metal Homeostasis,iron,transport,Grosmannia clavigera kw1407,superkingdom:Eukaryota;kingdom:Fungi;phylum:Ascomycota;class:Sordariomycetes;order:Ophiostomatales;family:Ophiostomataceae;genus:Grosmannia;species:Grosmannia clavigera;,1736,,1842,877,2152,1668,2729,1005,987,1828,3040,2592
320593571,silP,Metal Homeostasis,Silver,Transport,Grosmannia clavigera kw1407,superkingdom:Eukaryota;kingdom:Fungi;phylum:Ascomycota;class:Sordariomycetes;order:Ophiostomatales;family:Ophiostomataceae;genus:Grosmannia;species:Grosmannia clavigera;,p,,,,,p,323,1063,339,562,,1893
116182296,copA,Metal Homeostasis,Copper,Transport,Chaetomium globosum CBS 148.51,superkingdom:Eukaryota;kingdom:Fungi;phylum:Ascomycota;class:Sordariomycetes;order:Sordariales;family:Chaetomiaceae;genus:Chaetomium;species:Chaetomium globosum;,3040,355,3420,473,1038,1672,1875,3997,515,3321,1542,1624
116200119,ferroxidase_high_affinity,Metal Homeostasis,iron,Transport,Chaetomium globosum CBS 148.51,superkingdom:Eukaryota;kingdom:Fungi;phylum:Ascomycota;class:Sordariomycetes;order:Sordariales;family:Chaetomiaceae;genus:Chaetomium;species:Chaetomium globosum;,2047,*,1736,19371,363,811,,,p,,p,
88184435,mer,Metal Homeostasis,Mercury,Detoxification,Chaetomium globosum CBS 148.51,superkingdom:Eukaryota;kingdom:Fungi;phylum:Ascomycota;class:Sordariomycetes;order:Sordariales;family:Chaetomiaceae;genus:Chaetomium;species:Chaetomium globosum;,43596,1977,19271,10291,6392,53174,4301,5685,1233,9467,73751,21591
116208778,trk_fungi,Metal Homeostasis,Potassium,Transport,Chaetomium globosum CBS 148.51,superkingdom:Eukaryota;kingdom:Fungi;phylum:Ascomycota;class:Sordariomycetes;order:Sordariales;family:Chaetomiaceae;genus:Chaetomium;species:Chaetomium globosum;,528411,3600,3922,2413,1384,3410,1350,3213,1472,4906,2787,4218
116206004,vacuolar_iron_transport,Metal Homeostasis,iron,Transport,Chaetomium globosum CBS 148.51,superkingdom:Eukaryota;kingdom:Fungi;phylum:Ascomycota;class:Sordariomycetes;order:Sordariales;family:Chaetomiaceae;genus:Chaetomium;species:Chaetomium globosum;,642,581,568,960,201,,328,6409,732,680,2219,1900
347009151,ChrA,Metal Homeostasis,Chromium,Transport,Myceliophthora thermophila ATCC 42464,superkingdom:Eukaryota;kingdom:Fungi;phylum:Ascomycota;class:Sordariomycetes;order:Sordariales;family:Chaetomiaceae;genus:Myceliophthora;species:Myceliophthora thermophila;,3000,,2982,1277,979,2954,1107,885,1370,3740,2805,8195
367028308,NiCoT,Metal Homeostasis,Nickel,Transport,Myceliophthora thermophila ATCC 42464,superkingdom:Eukaryota;kingdom:Fungi;phylum:Ascomycota;class:Sordariomycetes;order:Sordariales;family:Chaetomiaceae;genus:Myceliophthora;species:Myceliophthora thermophila;,3141,47828,1991,3644,565,3852,1471,1898,629,6654,4901,3334
347010787,silP,Metal Homeostasis,Silver,Transport,Myceliophthora thermophila ATCC 42464,superkingdom:Eukaryota;kingdom:Fungi;phylum:Ascomycota;class:Sordariomycetes;order:Sordariales;family:Chaetomiaceae;genus:Myceliophthora;species:Myceliophthora thermophila;,1299,622,707,885,1406,674,341,,,1059,6695,1391
347010061,trk_fungi,Metal Homeostasis,Potassium,Transport,Myceliophthora thermophila ATCC 42464,superkingdom:Eukaryota;kingdom:Fungi;phylum:Ascomycota;class:Sordariomycetes;order:Sordariales;family:Chaetomiaceae;genus:Myceliophthora;species:Myceliophthora thermophila;,2558,714,1110,1303,324,2610,1347,922,328,1073,4946,1292
367050078,NiCoT,Metal Homeostasis,Nickel,Transport,Thielavia terrestris NRRL 8126,superkingdom:Eukaryota;kingdom:Fungi;phylum:Ascomycota;class:Sordariomycetes;order:Sordariales;family:Chaetomiaceae;genus:Thielavia;species:Thielavia terrestris;,2972,,5809,15144,2284,1208,847,2042,275,7387,4306,7945
347001388,trk_fungi,Metal Homeostasis,Potassium,Transport,Thielavia terrestris NRRL 8126,superkingdom:Eukaryota;kingdom:Fungi;phylum:Ascomycota;class:Sordariomycetes;order:Sordariales;family:Chaetomiaceae;genus:Thielavia;species:Thielavia terrestris;,6479,*,1121,647,576,2570,846,1268,346,1346,9283,2918
170941007,vacuolar_iron_transport,Metal Homeostasis,iron,Transport,Podospora anserina,superkingdom:Eukaryota;kingdom:Fungi;phylum:Ascomycota;class:Sordariomycetes;order:Sordariales;family:Lasiosphaeriaceae;genus:Podospora;,571,248,551,,382,,224,788,,560,,878
171693929,arsA_fungi,Metal Homeostasis,Arsenic,Transport,Podospora anserina S mat+,superkingdom:Eukaryota;kingdom:Fungi;phylum:Ascomycota;class:Sordariomycetes;order:Sordariales;family:Lasiosphaeriaceae;genus:Podospora;species:Podospora anserina;,p,,,,p,,222,646,324,,,21109
171687227,ChrA,Metal Homeostasis,Chromium,Transport,Podospora anserina,superkingdom:Eukaryota;kingdom:Fungi;phylum:Ascomycota;class:Sordariomycetes;order:Sordariales;family:Lasiosphaeriaceae;genus:Podospora;species:Podospora anserina;,12424,,149855,1240,4993,2771,539,680,,2625,10053,3521
171690630,ferroxidase_high_affinity,Metal Homeostasis,iron,Transport,Podospora anserina,superkingdom:Eukaryota;kingdom:Fungi;phylum:Ascomycota;class:Sordariomycetes;order:Sordariales;family:Lasiosphaeriaceae;genus:Podospora;species:Podospora anserina;,3831,,1343,997,362,1486,647,2038,439,1407,2434,5000
171689956,iron_permease_high_affinity,Metal Homeostasis,iron,Transport,Podospora anserina,superkingdom:Eukaryota;kingdom:Fungi;phylum:Ascomycota;class:Sordariomycetes;order:Sordariales;family:Lasiosphaeriaceae;genus:Podospora;species:Podospora anserina;,401,,874,538,581,11759,1847,870,346,1157,5703,2546
164424188,corA,Metal Homeostasis,Cobalt/Magnesium,Transport,Neurospora crassa OR74A,superkingdom:Eukaryota;kingdom:Fungi;phylum:Ascomycota;class:Sordariomycetes;order:Sordariales;family:Sordariaceae;genus:Neurospora;species:Neurospora crassa;,633,755,650,880,*,1506,*,,427,2510,1357,2956
157070541,sidA,Metal Homeostasis,iron,transport,Neurospora crassa OR74A,superkingdom:Eukaryota;kingdom:Fungi;phylum:Ascomycota;class:Sordariomycetes;order:Sordariales;family:Sordariaceae;genus:Neurospora;species:Neurospora crassa;,1588,245,658,,531,1750,1586,924,261,2392,20284,
164425408,vacuolar_iron_transport,Metal Homeostasis,iron,Transport,Neurospora crassa OR74A,superkingdom:Eukaryota;kingdom:Fungi;phylum:Ascomycota;class:Sordariomycetes;order:Sordariales;family:Sordariaceae;genus:Neurospora;species:Neurospora crassa;,2878,288,3771,2779,2240,5143,3970,2197,323,2308,8314,2827
336266927,NiCoT,Metal Homeostasis,Nickel,Transport,Sordaria macrospora k-hell,superkingdom:Eukaryota;kingdom:Fungi;phylum:Ascomycota;class:Sordariomycetes;order:Sordariales;family:Sordariaceae;genus:Sordaria;species:Sordaria macrospora;,1114,598,1033,518,*,960,,2123,451,887,,799
380091712,NiCoT,Metal Homeostasis,Nickel,Transport,Sordaria macrospora k-hell,superkingdom:Eukaryota;kingdom:Fungi;phylum:Ascomycota;class:Sordariomycetes;order:Sordariales;family:Sordariaceae;genus:Sordaria;species:Sordaria macrospora;,777,1904,787,501,397,1058,636,951,1154,4197,2724,
336242402,terZD,Metal Homeostasis,Tellurium,Transport,Sordaria macrospora k-hell,superkingdom:Eukaryota;kingdom:Fungi;phylum:Ascomycota;class:Sordariomycetes;order:Sordariales;family:Sordariaceae;genus:Sordaria;species:Sordaria macrospora;,532,387,1026,316,*,2172,396,,226,435,14396,12310
336242404,terZD,Metal Homeostasis,Tellurium,Transport,Sordaria macrospora k-hell,superkingdom:Eukaryota;kingdom:Fungi;phylum:Ascomycota;class:Sordariomycetes;order:Sordariales;family:Sordariaceae;genus:Sordaria;species:Sordaria macrospora;,644,407,1009,393,542,8057,662,90650,779,1499,1350,2289
115371535,ferroxidase_high_affinity,Metal Homeostasis,iron,Transport,Coprinopsis cinerea okayama7#130,superkingdom:Eukaryota;kingdom:Fungi;phylum:Basidiomycota;class:Agaricomycetes;order:Agaricales;family:Psathyrellaceae;genus:Coprinopsis;species:Coprinopsis cinerea;,1826,360,1807,,2477,4085,741,1371,1167,1777,4935,7567
169858166,NiCoT,Metal Homeostasis,Nickel,Transport,Coprinopsis cinerea okayama7#130,superkingdom:Eukaryota;kingdom:Fungi;phylum:Basidiomycota;class:Agaricomycetes;order:Agaricales;family:Psathyrellaceae;genus:Coprinopsis;species:Coprinopsis cinerea;,740,248,717,427,,834,,,p,,,
299740923,trk_fungi,Metal Homeostasis,Potassium,Transport,Coprinopsis cinerea okayama7#130,superkingdom:Eukaryota;kingdom:Fungi;phylum:Basidiomycota;class:Agaricomycetes;order:Agaricales;family:Psathyrellaceae;genus:Coprinopsis;species:Coprinopsis cinerea;,p,,,p,*p,p,1151,,300,1134,2926,1479
169849514,zrt2,Metal Homeostasis,Zinc,Transport,Coprinopsis cinerea okayama7#130,superkingdom:Eukaryota;kingdom:Fungi;phylum:Basidiomycota;class:Agaricomycetes;order:Agaricales;family:Psathyrellaceae;genus:Coprinopsis;species:Coprinopsis cinerea;,4102,2183,4239,7469,2425,4398,6081,21571,47057,3045,2401,1642
302680430,NiCoT,Metal Homeostasis,Nickel,Transport,Schizophyllum commune H4-8,superkingdom:Eukaryota;kingdom:Fungi;phylum:Basidiomycota;class:Agaricomycetes;order:Agaricales;family:Schizophyllaceae;genus:Schizophyllum;species:Schizophyllum commune;,696,,1740,755,243,710,261,906,,832,3363,3870
302686172,zrt2,Metal Homeostasis,Zinc,Transport,Schizophyllum commune H4-8,superkingdom:Eukaryota;kingdom:Fungi;phylum:Basidiomycota;class:Agaricomycetes;order:Agaricales;family:Schizophyllaceae;genus:Schizophyllum;species:Schizophyllum commune;,5906,667,3264,1668,1087,2296,1902,3400,462,21757,5174,2342
170114117,ChrA,Metal Homeostasis,Chromium,Transport,Laccaria bicolor S238N-H82,superkingdom:Eukaryota;kingdom:Fungi;phylum:Basidiomycota;class:Agaricomycetes;order:Agaricales;family:Tricholomataceae;genus:Laccaria;species:Laccaria bicolor;,p,,p,,*p,p,1983,,400,582,,806
170114115,ChrA,Metal Homeostasis,Chromium,Transport,Laccaria bicolor S238N-H82,superkingdom:Eukaryota;kingdom:Fungi;phylum:Basidiomycota;class:Agaricomycetes;order:Agaricales;family:Tricholomataceae;genus:Laccaria;species:Laccaria bicolor;,p,,p,,p,,673,713,,804,,701
1150568,ferroxidase_high_affinity,Metal Homeostasis,iron,Transport,Thanatephorus cucumeris,superkingdom:Eukaryota;kingdom:Fungi;phylum:Basidiomycota;class:Agaricomycetes;order:Cantharellales;family:Ceratobasidiaceae;genus:Thanatephorus;,2432,,872,4903,1154,,1521,1046,,2467,3401,2179
42602104,ferroxidase_high_affinity,Metal Homeostasis,iron,Transport,Phanerochaete chrysosporium,superkingdom:Eukaryota;kingdom:Fungi;phylum:Basidiomycota;class:Agaricomycetes;order:Corticiales;family:Corticiaceae;genus:Phanerochaete;,5160,1669,3588,1018,2065,2973,1067,7990,4931,4057,2574,1467
242208271,ferroxidase_high_affinity,Metal Homeostasis,iron,Transport,Postia placenta Mad-698-R,superkingdom:Eukaryota;kingdom:Fungi;phylum:Basidiomycota;class:Agaricomycetes;order:Polyporales;family:Coriolaceae;genus:Postia;species:Postia placenta;,1854,405,2230,1874,11317,4845,2031,2792,425,2775,4380,3741
242207992,iron_permease_high_affinity,Metal Homeostasis,iron,Transport,Postia placenta Mad-698-R,superkingdom:Eukaryota;kingdom:Fungi;phylum:Basidiomycota;class:Agaricomycetes;order:Polyporales;family:Coriolaceae;genus:Postia;species:Postia placenta;,11421,1241,6448,922,1114,4544,3017,5147,740,3689,43386,3060
242215989,trk_fungi,Metal Homeostasis,Potassium,Transport,Postia placenta Mad-698-R,superkingdom:Eukaryota;kingdom:Fungi;phylum:Basidiomycota;class:Agaricomycetes;order:Polyporales;family:Coriolaceae;genus:Postia;species:Postia placenta;,811,,5187,428,*,850,p,,,,,p
226424958,ferroxidase_high_affinity,Metal Homeostasis,iron,Transport,Trametes sp. C30,superkingdom:Eukaryota;kingdom:Fungi;phylum:Basidiomycota;class:Agaricomycetes;order:Polyporales;family:Coriolaceae;genus:Trametes;,1029,242,14277,438,326,1257,974,,2265,539,1364,31160
353242525,siderophore_transporter,Metal Homeostasis,iron,transport,Piriformospora indica DSM 11827,superkingdom:Eukaryota;kingdom:Fungi;phylum:Basidiomycota;class:Agaricomycetes;order:Sebacinales;family:Sebacinaceae;genus:Piriformospora;species:Piriformospora indica;,703,883,630,343,760,681,236,601,,8288,2078,841
343429183,ChrA,Metal Homeostasis,Chromium,Transport,Sporisorium reilianum SRZ2,superkingdom:Eukaryota;kingdom:Fungi;phylum:Basidiomycota;class:Ustilaginomycetes;order:Ustilaginales;family:Ustilaginaceae;genus:Sporisorium;species:Sporisorium reilianum;,2562,*,2574,910,1061,1444,1742,2495,398,2542,1773,2414
343428624,nhaP,Metal Homeostasis,Sodium,Transport,Sporisorium reilianum SRZ2,superkingdom:Eukaryota;kingdom:Fungi;phylum:Basidiomycota;class:Ustilaginomycetes;order:Ustilaginales;family:Ustilaginaceae;genus:Sporisorium;species:Sporisorium reilianum;,1554,836,764,1118,662,815,528,3582,841,1873,1119,1256
343427308,NiCoT,Metal Homeostasis,Nickel,Transport,Sporisorium reilianum SRZ2,superkingdom:Eukaryota;kingdom:Fungi;phylum:Basidiomycota;class:Ustilaginomycetes;order:Ustilaginales;family:Ustilaginaceae;genus:Sporisorium;species:Sporisorium reilianum;,646,,548,2223,*,750,,,411,952,7894,1481
343428992,siderophore_transporter,Metal Homeostasis,iron,transport,Sporisorium reilianum SRZ2,superkingdom:Eukaryota;kingdom:Fungi;phylum:Basidiomycota;class:Ustilaginomycetes;order:Ustilaginales;family:Ustilaginaceae;genus:Sporisorium;species:Sporisorium reilianum;,3269,14424,5196,4049,508,496,876,640,1073,10748,4956,
388853196,nhaP,Metal Homeostasis,Sodium,Transport,Ustilago hordei,superkingdom:Eukaryota;kingdom:Fungi;phylum:Basidiomycota;class:Ustilaginomycetes;order:Ustilaginales;family:Ustilaginaceae;genus:Ustilago;,912,232,1535,2141,2011,1574,11660,1953,354,3370,3761,1714
71019509,arsA_fungi,Metal Homeostasis,Arsenic,Transport,Ustilago maydis 521,superkingdom:Eukaryota;kingdom:Fungi;phylum:Basidiomycota;class:Ustilaginomycetes;order:Ustilaginales;family:Ustilaginaceae;genus:Ustilago;species:Ustilago maydis;,836,272,,689,308,,514,721,,1229,,9759
71010075,nhaP,Metal Homeostasis,Sodium,Transport,Ustilago maydis 521,superkingdom:Eukaryota;kingdom:Fungi;phylum:Basidiomycota;class:Ustilaginomycetes;order:Ustilaginales;family:Ustilaginaceae;genus:Ustilago;species:Ustilago maydis;,1044,367,9690,,439,2227,967,1743,869,1363,6656,1038
119352454,sidC,Metal Homeostasis,iron,transport,Ustilago maydis 521,superkingdom:Eukaryota;kingdom:Fungi;phylum:Basidiomycota;class:Ustilaginomycetes;order:Ustilaginales;family:Ustilaginaceae;genus:Ustilago;species:Ustilago maydis;,380,347,705,591,,,,,p,,p,
46100458,trk_fungi,Metal Homeostasis,Potassium,Transport,Ustilago maydis 521,superkingdom:Eukaryota;kingdom:Fungi;phylum:Basidiomycota;class:Ustilaginomycetes;order:Ustilaginales;family:Ustilaginaceae;genus:Ustilago;species:Ustilago maydis;,778,204,559,,508,950,283,,2217,,4966,976
159477683,Ca_vacuolar_exchanger,Metal Homeostasis,Calcium,Transport,Chlamydomonas reinhardtii,superkingdom:Eukaryota;kingdom:Viridiplantae;phylum:Chlorophyta;class:Chlorophyceae;order:Chlamydomonadales;family:Chlamydomonadaceae;genus:Chlamydomonas;,1622,*,4162,7131,253,1329,800,,1009,620,3159,2628
159477177,Ca_vacuolar_exchanger,Metal Homeostasis,Calcium,Transport,Chlamydomonas reinhardtii,superkingdom:Eukaryota;kingdom:Viridiplantae;phylum:Chlorophyta;class:Chlorophyceae;order:Chlamydomonadales;family:Chlamydomonadaceae;genus:Chlamydomonas;,2955,506,4734,,,16968,831,985,249,1132,,17627
158275019,mgtA,Metal Homeostasis,Magnesium,Transport,Chlamydomonas reinhardtii,superkingdom:Eukaryota;kingdom:Viridiplantae;phylum:Chlorophyta;class:Chlorophyceae;order:Chlamydomonadales;family:Chlamydomonadaceae;genus:Chlamydomonas;,447,,479,1548,,537,508,68861,428,,928,1380
158270706,mgtE,Metal Homeostasis,Magnesium,Transport,Chlamydomonas reinhardtii,superkingdom:Eukaryota;kingdom:Viridiplantae;phylum:Chlorophyta;class:Chlorophyceae;order:Chlamydomonadales;family:Chlamydomonadaceae;genus:Chlamydomonas;,781,221,596,701,*,3231,685,2131,,534,1995,
302843834,Ca_vacuolar_exchanger,Metal Homeostasis,Calcium,Transport,Volvox carteri f. nagariensis,superkingdom:Eukaryota;kingdom:Viridiplantae;phylum:Chlorophyta;class:Chlorophyceae;order:Chlamydomonadales;family:Volvocaceae;genus:Volvox;species:Volvox carteri;,1873,*,1614,477,,3535,1426,1092,322,1201,3985,2570
302853149,Ca_vacuolar_exchanger,Metal Homeostasis,Calcium,Transport,Volvox carteri f. nagariensis,superkingdom:Eukaryota;kingdom:Viridiplantae;phylum:Chlorophyta;class:Chlorophyceae;order:Chlamydomonadales;family:Volvocaceae;genus:Volvox;species:Volvox carteri;,p,,p,,p,,319,1119,264,1206,,1582
302829779,mgtE,Metal Homeostasis,Magnesium,Transport,Volvox carteri f. nagariensis,superkingdom:Eukaryota;kingdom:Viridiplantae;phylum:Chlorophyta;class:Chlorophyceae;order:Chlamydomonadales;family:Volvocaceae;genus:Volvox;species:Volvox carteri;,355,,509,1858,,1017,,,3303,1281,1156,845
255084938,mgtE,Metal Homeostasis,Magnesium,Transport,Micromonas sp. RCC299,superkingdom:Eukaryota;kingdom:Viridiplantae;phylum:Chlorophyta;class:Mamiellophyceae;order:Mamiellales;genus:Micromonas;,501,671,819,1177,*,474,p,,,p,,p
303281386,mgtE,Metal Homeostasis,Magnesium,Transport,Micromonas pusilla CCMP1545,superkingdom:Eukaryota;kingdom:Viridiplantae;phylum:Chlorophyta;class:Mamiellophyceae;order:Mamiellales;genus:Micromonas;species:Micromonas pusilla;,2912,485,8351,414,1342,736,418,2429,596,832,1037,
226459819,nhaD,Metal Homeostasis,Sodium,Transport,Micromonas pusilla CCMP1545,superkingdom:Eukaryota;kingdom:Viridiplantae;phylum:Chlorophyta;class:Mamiellophyceae;order:Mamiellales;genus:Micromonas;species:Micromonas pusilla;,613,31637,866,,*,1589,631,1093,685,1443,,761
308812147,terc,Metal Homeostasis,Tellurium,Detoxification,Ostreococcus tauri,superkingdom:Eukaryota;kingdom:Viridiplantae;phylum:Chlorophyta;class:Mamiellophyceae;order:Mamiellales;genus:Ostreococcus;,3342,734,,,308,1165,p,,,p,,
15232559,mer,Metal Homeostasis,Mercury,Detoxification,Arabidopsis thaliana,superkingdom:Eukaryota;kingdom:Viridiplantae;phylum:Streptophyta;order:Brassicales;family:Brassicaceae;genus:Arabidopsis;,8621,10302,3185,772,6011,1374,4292,15450,814,2873,1354,2530
223509045,arsc,Metal Homeostasis,Arsenic,Detoxification,Ricinus communis,superkingdom:Eukaryota;kingdom:Viridiplantae;phylum:Streptophyta;order:Malpighiales;family:Euphorbiaceae;genus:Ricinus;,,,,,*p,,1180,4609,2469,583,,
223510876,mer,Metal Homeostasis,Mercury,Detoxification,Ricinus communis,superkingdom:Eukaryota;kingdom:Viridiplantae;phylum:Streptophyta;order:Malpighiales;family:Euphorbiaceae;genus:Ricinus;,6433,5834,16171,3135,6328,6859,17885,18970,12227,16770,17408,99587
163777270,mer,Metal Homeostasis,Mercury,Detoxification,Monosiga brevicollis MX1,superkingdom:Eukaryota;order:Choanoflagellida;family:Codonosigidae;genus:Monosiga;species:Monosiga brevicollis;,3296,,2099,7493,1203,3443,183827,24203,2241,3765,28501,3777
167535450,terc,Metal Homeostasis,Tellurium,Detoxification,Monosiga brevicollis MX1,superkingdom:Eukaryota;order:Choanoflagellida;family:Codonosigidae;genus:Monosiga;species:Monosiga brevicollis;,,351,468,339,319,437,,,p,,p,p
322505461,terZD,Metal Homeostasis,Tellurium,Transport,Leishmania braziliensis MHOM/BR/75/M2904,superkingdom:Eukaryota;order:Kinetoplastida;family:Trypanosomatidae;genus:Leishmania;species:Leishmania braziliensis;,1013,268,584,435,*,718,355,1646,585,808,1745,1567
340053474,terZD,Metal Homeostasis,Tellurium,Transport,Trypanosoma vivax Y486,superkingdom:Eukaryota;order:Kinetoplastida;family:Trypanosomatidae;genus:Trypanosoma;species:Trypanosoma vivax;,535,,548,404,497,,,,p,,,p
219110657,mgtE,Metal Homeostasis,Magnesium,Transport,Phaeodactylum tricornutum CCAP 1055/1,superkingdom:Eukaryota;phylum:Bacillariophyta;class:Bacillariophyceae;order:Naviculales;family:Phaeodactylaceae;genus:Phaeodactylum;species:Phaeodactylum tricornutum;,386,342,,,348,505,*p,,,p,,
219111129,mgtE,Metal Homeostasis,Magnesium,Transport,Phaeodactylum tricornutum CCAP 1055/1,superkingdom:Eukaryota;phylum:Bacillariophyta;class:Bacillariophyceae;order:Naviculales;family:Phaeodactylaceae;genus:Phaeodactylum;species:Phaeodactylum tricornutum;,645,221,547,411,*,442,,p,p,p,,
